{"mean":{"confidence_interval":{"confidence_level":0.95,"lower_bound":0.02748963194444202,"upper_bound":0.035141283554462076},"point_estimate":0.030316430272327333,"standard_error":0.0021269958906637216},"median":{"confidence_interval":{"confidence_level":0.95,"lower_bound":0.02766593256094163,"upper_bound":0.028491432332919064},"point_estimate":0.02802795360300947,"standard_error":0.00020512893030603818}}