{"mean":{"confidence_interval":{"confidence_level":0.95,"lower_bound":-0.04124786991682392,"upper_bound":-0.03963283606224111},"point_estimate":-0.0404550988886041,"standard_error":0.0004136564485406184},"median":{"confidence_interval":{"confidence_level":0.95,"lower_bound":-0.04150374645293553,"upper_bound":-0.04067652774354469},"point_estimate":-0.04110255378182592,"standard_error":0.000214845497397542}}