{"mean":{"confidence_interval":{"confidence_level":0.95,"lower_bound":-0.008714447362571003,"upper_bound":0.002301212470976723},"point_estimate":-0.002910144951104532,"standard_error":0.0027773613044318624},"median":{"confidence_interval":{"confidence_level":0.95,"lower_bound":-0.003438648966494262,"upper_bound":-0.002603864011496801},"point_estimate":-0.0029523563945147435,"standard_error":0.00021220195594124665}}