{"mean":{"confidence_interval":{"confidence_level":0.95,"lower_bound":-0.0008417443295728978,"upper_bound":0.007297451474350441},"point_estimate":0.004121922437622327,"standard_error":0.002156018606370096},"median":{"confidence_interval":{"confidence_level":0.95,"lower_bound":0.005575567170740037,"upper_bound":0.0065883827239934245},"point_estimate":0.00607754622148593,"standard_error":0.00026931453430359333}}