{"mean":{"confidence_interval":{"confidence_level":0.95,"lower_bound":0.0108095263987056,"upper_bound":0.013552423899845855},"point_estimate":0.011992664539409947,"standard_error":0.0007116506393820741},"median":{"confidence_interval":{"confidence_level":0.95,"lower_bound":0.010636004254049647,"upper_bound":0.011563040743457265},"point_estimate":0.010979139021713324,"standard_error":0.0002472771359837128}}