{"mean":{"confidence_interval":{"confidence_level":0.95,"lower_bound":-0.017051397325043065,"upper_bound":-0.01584209223619182},"point_estimate":-0.016507381701800217,"standard_error":0.00030271492625157505},"median":{"confidence_interval":{"confidence_level":0.95,"lower_bound":-0.01707086569384142,"upper_bound":-0.01611985360484392},"point_estimate":-0.016553038314765844,"standard_error":0.00024654091162954205}}