{"mean":{"confidence_interval":{"confidence_level":0.95,"lower_bound":0.07664202091935987,"upper_bound":0.0776491136329105},"point_estimate":0.07713975991674049,"standard_error":0.0002576412303002402},"median":{"confidence_interval":{"confidence_level":0.95,"lower_bound":0.07647359123091868,"upper_bound":0.07745824154075698},"point_estimate":0.0770249441511579,"standard_error":0.00025773312438283564}}