{"mean":{"confidence_interval":{"confidence_level":0.95,"lower_bound":-0.06899541024344559,"upper_bound":-0.06785946017520411},"point_estimate":-0.06838728391778026,"standard_error":0.00028943464916868347},"median":{"confidence_interval":{"confidence_level":0.95,"lower_bound":-0.06838790339511014,"upper_bound":-0.06773928972768961},"point_estimate":-0.06805396901372063,"standard_error":0.0001663209858353309}}