{"mean":{"confidence_interval":{"confidence_level":0.95,"lower_bound":0.09797372887525194,"upper_bound":0.10056279023163832},"point_estimate":0.09919168537356904,"standard_error":0.0006565224363012676},"median":{"confidence_interval":{"confidence_level":0.95,"lower_bound":0.09705659592470628,"upper_bound":0.09942557117421091},"point_estimate":0.09822790660949754,"standard_error":0.000577023501667972}}