{"mean":{"confidence_interval":{"confidence_level":0.95,"lower_bound":0.0055328023439066955,"upper_bound":0.008100765497377692},"point_estimate":0.0068934847077029016,"standard_error":0.0006491857258114284},"median":{"confidence_interval":{"confidence_level":0.95,"lower_bound":0.006499561268577647,"upper_bound":0.00728279194222492},"point_estimate":0.006858890345196267,"standard_error":0.00019165035656111754}}