{"mean":{"confidence_interval":{"confidence_level":0.95,"lower_bound":-0.03287293474989585,"upper_bound":-0.029979821927789314},"point_estimate":-0.031415480145662755,"standard_error":0.000731061180299479},"median":{"confidence_interval":{"confidence_level":0.95,"lower_bound":-0.03243524725689445,"upper_bound":-0.030510314913029715},"point_estimate":-0.03144385890776713,"standard_error":0.00048096755586980223}}