{"mean":{"confidence_interval":{"confidence_level":0.95,"lower_bound":-0.08766407451403224,"upper_bound":-0.07858324850802827},"point_estimate":-0.08285036716357885,"standard_error":0.0023155538220767224},"median":{"confidence_interval":{"confidence_level":0.95,"lower_bound":-0.08561370571915161,"upper_bound":-0.06727847700266087},"point_estimate":-0.08120440533235962,"standard_error":0.0059886676600593245}}