{"mean":{"confidence_interval":{"confidence_level":0.95,"lower_bound":303.2978384643613,"upper_bound":303.8449870310109},"point_estimate":303.5494920065396,"standard_error":0.14050808062469622},"median":{"confidence_interval":{"confidence_level":0.95,"lower_bound":303.02546280149465,"upper_bound":303.3404528946878},"point_estimate":303.1293185298622,"standard_error":0.086008267943273},"median_abs_dev":{"confidence_interval":{"confidence_level":0.95,"lower_bound":0.43212326225655123,"upper_bound":0.7198808172561227},"point_estimate":0.6181047640406624,"standard_error":0.07589964603956598},"slope":{"confidence_interval":{"confidence_level":0.95,"lower_bound":303.3642721575361,"upper_bound":304.1695382308542},"point_estimate":303.72456167904284,"standard_error":0.20710686085120747},"std_dev":{"confidence_interval":{"confidence_level":0.95,"lower_bound":0.8754819759767615,"upper_bound":1.8423332124805762},"point_estimate":1.4068610596750295,"standard_error":0.24773276945945372}}