{"mean":{"confidence_interval":{"confidence_level":0.95,"lower_bound":0.06858375648085252,"upper_bound":0.07250005917048934},"point_estimate":0.07087633795028703,"standard_error":0.0010186464570656189},"median":{"confidence_interval":{"confidence_level":0.95,"lower_bound":0.07166608574762058,"upper_bound":0.07240439028110757},"point_estimate":0.0721428781996003,"standard_error":0.00017357172469489884}}