{"mean":{"confidence_interval":{"confidence_level":0.95,"lower_bound":-0.06655134013531044,"upper_bound":-0.06344101121048074},"point_estimate":-0.06515282001951539,"standard_error":0.0008247308336254461},"median":{"confidence_interval":{"confidence_level":0.95,"lower_bound":-0.06662208969726624,"upper_bound":-0.06588785475141312},"point_estimate":-0.06617639178729418,"standard_error":0.00019661367224845476}}