{"mean":{"confidence_interval":{"confidence_level":0.95,"lower_bound":0.0310800464922159,"upper_bound":0.03566920970419944},"point_estimate":0.03332325493707233,"standard_error":0.0011653525363075634},"median":{"confidence_interval":{"confidence_level":0.95,"lower_bound":0.029468961429188978,"upper_bound":0.03126472171800998},"point_estimate":0.02998591110464166,"standard_error":0.00046661774660501035}}