{"mean":{"confidence_interval":{"confidence_level":0.95,"lower_bound":-0.012117607266202457,"upper_bound":-0.009865817275607466},"point_estimate":-0.011064766199293863,"standard_error":0.0005698683186746266},"median":{"confidence_interval":{"confidence_level":0.95,"lower_bound":-0.012287832381806862,"upper_bound":-0.011348749918517531},"point_estimate":-0.011809576784744147,"standard_error":0.0002593736080278172}}