{"mean":{"confidence_interval":{"confidence_level":0.95,"lower_bound":-0.0028335901974707338,"upper_bound":0.0030370094531815012},"point_estimate":-0.0009186996436980621,"standard_error":0.0015472303180738194},"median":{"confidence_interval":{"confidence_level":0.95,"lower_bound":-0.002827899414392765,"upper_bound":-0.002084139039149946},"point_estimate":-0.0024148064909265132,"standard_error":0.00020563525391510004}}