{"mean":{"confidence_interval":{"confidence_level":0.95,"lower_bound":-0.07903763723374213,"upper_bound":-0.07753868040352534},"point_estimate":-0.07833478310878672,"standard_error":0.0003839791278470874},"median":{"confidence_interval":{"confidence_level":0.95,"lower_bound":-0.07965904016821035,"upper_bound":-0.07838214713284619},"point_estimate":-0.07912213666548829,"standard_error":0.0003370116909754296}}