{"mean":{"confidence_interval":{"confidence_level":0.95,"lower_bound":-0.013974745238382139,"upper_bound":-0.01179412564560823},"point_estimate":-0.012805026037451372,"standard_error":0.0005565593869331464},"median":{"confidence_interval":{"confidence_level":0.95,"lower_bound":-0.01265768556363267,"upper_bound":-0.011792573712499074},"point_estimate":-0.012223990349952807,"standard_error":0.00022103997192497767}}