{"mean":{"confidence_interval":{"confidence_level":0.95,"lower_bound":0.055456025846439265,"upper_bound":0.05798887967679053},"point_estimate":0.056650598729256485,"standard_error":0.0006303910106957312},"median":{"confidence_interval":{"confidence_level":0.95,"lower_bound":0.0553926896189203,"upper_bound":0.056478434393050427},"point_estimate":0.05589706991168897,"standard_error":0.00027599260750980946}}