{"mean":{"confidence_interval":{"confidence_level":0.95,"lower_bound":0.00029876506228064266,"upper_bound":0.0027726464662329023},"point_estimate":0.0016008716399964484,"standard_error":0.0006182005319305773},"median":{"confidence_interval":{"confidence_level":0.95,"lower_bound":0.0026615766892632564,"upper_bound":0.004247768742671187},"point_estimate":0.003782758263363162,"standard_error":0.0005144216400586312}}