{"mean":{"confidence_interval":{"confidence_level":0.95,"lower_bound":0.003366981207845205,"upper_bound":0.005065803298517933},"point_estimate":0.004107063742519124,"standard_error":0.00042417833982977857},"median":{"confidence_interval":{"confidence_level":0.95,"lower_bound":0.003106335003199873,"upper_bound":0.003877130849603505},"point_estimate":0.0034308066739070497,"standard_error":0.00019188710804489057}}