{"mean":{"confidence_interval":{"confidence_level":0.95,"lower_bound":-0.04501581805615908,"upper_bound":-0.04206800472245494},"point_estimate":-0.04324538484407103,"standard_error":0.0007797805119508519},"median":{"confidence_interval":{"confidence_level":0.95,"lower_bound":-0.042754654758249466,"upper_bound":-0.042025180939132545},"point_estimate":-0.04239335291374735,"standard_error":0.00018183710629137117}}