{"mean":{"confidence_interval":{"confidence_level":0.95,"lower_bound":0.023869334537585912,"upper_bound":0.024898042818932375},"point_estimate":0.024380889274769224,"standard_error":0.00026107753189072734},"median":{"confidence_interval":{"confidence_level":0.95,"lower_bound":0.023983499528774432,"upper_bound":0.02470319207287816},"point_estimate":0.024404855913759516,"standard_error":0.00018083466208010498}}