{"mean":{"confidence_interval":{"confidence_level":0.95,"lower_bound":-0.00899801739637846,"upper_bound":-0.003179085064890705},"point_estimate":-0.005468696520870786,"standard_error":0.0015473936342641067},"median":{"confidence_interval":{"confidence_level":0.95,"lower_bound":-0.004790820630863668,"upper_bound":-0.0038496822485630483},"point_estimate":-0.004333946508056297,"standard_error":0.00023682019852766658}}