{"mean":{"confidence_interval":{"confidence_level":0.95,"lower_bound":0.05446042438819936,"upper_bound":0.05597372606497353},"point_estimate":0.055135885989990197,"standard_error":0.0003974166523145385},"median":{"confidence_interval":{"confidence_level":0.95,"lower_bound":0.05440832365801366,"upper_bound":0.055103963334647066},"point_estimate":0.05477207901296288,"standard_error":0.00017012911076136485}}