{"mean":{"confidence_interval":{"confidence_level":0.95,"lower_bound":-0.012822829785423286,"upper_bound":-0.007199674603524204},"point_estimate":-0.010426943309671644,"standard_error":0.0015323527936480885},"median":{"confidence_interval":{"confidence_level":0.95,"lower_bound":-0.012011086217825095,"upper_bound":-0.011101000433569874},"point_estimate":-0.011534432472596556,"standard_error":0.00023511301960789578}}