{"mean":{"confidence_interval":{"confidence_level":0.95,"lower_bound":-0.0850151366724937,"upper_bound":-0.07798372467328035},"point_estimate":-0.08048845675983984,"standard_error":0.0021208958419400804},"median":{"confidence_interval":{"confidence_level":0.95,"lower_bound":-0.07913240025877277,"upper_bound":-0.07799480613079983},"point_estimate":-0.0787381401550068,"standard_error":0.0002736356325055469}}