{"mean":{"confidence_interval":{"confidence_level":0.95,"lower_bound":-0.07110246476769637,"upper_bound":-0.06865077515899519},"point_estimate":-0.06968135474231185,"standard_error":0.00063283494870833},"median":{"confidence_interval":{"confidence_level":0.95,"lower_bound":-0.06951051315463667,"upper_bound":-0.0685015699982876},"point_estimate":-0.06903360264948322,"standard_error":0.00025342139584822566}}