{"mean":{"confidence_interval":{"confidence_level":0.95,"lower_bound":0.009536217544531395,"upper_bound":0.04836089593415405},"point_estimate":0.028581465862813182,"standard_error":0.009752058195519235},"median":{"confidence_interval":{"confidence_level":0.95,"lower_bound":0.007480298442841038,"upper_bound":0.00886645838475264},"point_estimate":0.00824788656820763,"standard_error":0.00035635338546271097}}