{"mean":{"confidence_interval":{"confidence_level":0.95,"lower_bound":0.07387625447400696,"upper_bound":0.07676685962592858},"point_estimate":0.0751907331425723,"standard_error":0.0007421405353537246},"median":{"confidence_interval":{"confidence_level":0.95,"lower_bound":0.07330400655644054,"upper_bound":0.07529977980647315},"point_estimate":0.07446322507300307,"standard_error":0.0005442010149218559}}