{"mean":{"confidence_interval":{"confidence_level":0.95,"lower_bound":-0.011146266614004419,"upper_bound":0.0008387823928724884},"point_estimate":-0.006720855624322231,"standard_error":0.003318548602159874},"median":{"confidence_interval":{"confidence_level":0.95,"lower_bound":-0.010831529144367136,"upper_bound":-0.009022517431826475},"point_estimate":-0.010100632180106928,"standard_error":0.0004934936990346801}}