{"mean":{"confidence_interval":{"confidence_level":0.95,"lower_bound":0.19480814371705726,"upper_bound":0.20341527764596698},"point_estimate":0.19829212422825115,"standard_error":0.002200912264384159},"median":{"confidence_interval":{"confidence_level":0.95,"lower_bound":0.19474480486768486,"upper_bound":0.19558597649315404},"point_estimate":0.19524929526781487,"standard_error":0.00020828021053529038}}