{"mean":{"confidence_interval":{"confidence_level":0.95,"lower_bound":-0.034150413422230665,"upper_bound":-0.023678393814495335},"point_estimate":-0.029164900845510267,"standard_error":0.0025985506176466667},"median":{"confidence_interval":{"confidence_level":0.95,"lower_bound":-0.029109696155084682,"upper_bound":-0.028174110824381482},"point_estimate":-0.028804696385806183,"standard_error":0.00023907355119547025}}