{"mean":{"confidence_interval":{"confidence_level":0.95,"lower_bound":-0.16775152423621809,"upper_bound":-0.1663825873386561},"point_estimate":-0.16699407787270037,"standard_error":0.00034939996300939675},"median":{"confidence_interval":{"confidence_level":0.95,"lower_bound":-0.16693483541326665,"upper_bound":-0.16635394045899565},"point_estimate":-0.16672269777041937,"standard_error":0.00014145601058357716}}