{"mean":{"confidence_interval":{"confidence_level":0.95,"lower_bound":-0.005855837551796173,"upper_bound":0.002437592997632628},"point_estimate":-0.0014133220594408913,"standard_error":0.0020856709077223395},"median":{"confidence_interval":{"confidence_level":0.95,"lower_bound":-0.0012797376524152915,"upper_bound":0.00005541918551665859},"point_estimate":-0.0006723519688377477,"standard_error":0.0003146317398438271}}