{"mean":{"confidence_interval":{"confidence_level":0.95,"lower_bound":1609.8071454779083,"upper_bound":1611.3904893660992},"point_estimate":1610.5280581415902,"standard_error":0.40619576825682513},"median":{"confidence_interval":{"confidence_level":0.95,"lower_bound":1609.0324981207718,"upper_bound":1609.928060697545},"point_estimate":1609.5260213475613,"standard_error":0.19921723724204607},"median_abs_dev":{"confidence_interval":{"confidence_level":0.95,"lower_bound":1.4224612380789114,"upper_bound":2.412390052975467},"point_estimate":1.939383225369803,"standard_error":0.2542054198459925},"slope":{"confidence_interval":{"confidence_level":0.95,"lower_bound":1610.2128556519606,"upper_bound":1612.6213810340432},"point_estimate":1611.2688348707009,"standard_error":0.6180200625657731},"std_dev":{"confidence_interval":{"confidence_level":0.95,"lower_bound":2.381590091084107,"upper_bound":5.831054477855069},"point_estimate":4.085312120144143,"standard_error":0.9429604632976352}}