{"mean":{"confidence_interval":{"confidence_level":0.95,"lower_bound":-0.002165493832877776,"upper_bound":0.0007229876285563865},"point_estimate":-0.0007556680149526374,"standard_error":0.0007382184910604469},"median":{"confidence_interval":{"confidence_level":0.95,"lower_bound":-0.00233656651885894,"upper_bound":-0.0011428422578342312},"point_estimate":-0.0017564403819237961,"standard_error":0.00030646305603665864}}