{"mean":{"confidence_interval":{"confidence_level":0.95,"lower_bound":-0.022015639892792444,"upper_bound":-0.01976889240110932},"point_estimate":-0.020851723369249564,"standard_error":0.0005706152309858037},"median":{"confidence_interval":{"confidence_level":0.95,"lower_bound":-0.020552697610270648,"upper_bound":-0.019543488334170522},"point_estimate":-0.020101987593945547,"standard_error":0.00026078882665997227}}