{"mean":{"confidence_interval":{"confidence_level":0.95,"lower_bound":-0.16449350727866263,"upper_bound":-0.16108919796775542},"point_estimate":-0.16273150276182502,"standard_error":0.0008618216402829979},"median":{"confidence_interval":{"confidence_level":0.95,"lower_bound":-0.16311085785672907,"upper_bound":-0.16241478615620009},"point_estimate":-0.16279125756918966,"standard_error":0.00016152174642463727}}