{"mean":{"confidence_interval":{"confidence_level":0.95,"lower_bound":0.18531665603246417,"upper_bound":0.18931840129308905},"point_estimate":0.18745637639953672,"standard_error":0.0010255793760300044},"median":{"confidence_interval":{"confidence_level":0.95,"lower_bound":0.1875235308682531,"upper_bound":0.18854480187655404},"point_estimate":0.1881376468444842,"standard_error":0.00025402786786263916}}