{"mean":{"confidence_interval":{"confidence_level":0.95,"lower_bound":-0.03397131597830548,"upper_bound":-0.02865047954397438},"point_estimate":-0.030989564407133963,"standard_error":0.0013624218401516286},"median":{"confidence_interval":{"confidence_level":0.95,"lower_bound":-0.03085988057681044,"upper_bound":-0.029919595165561752},"point_estimate":-0.03039392579617728,"standard_error":0.00023284480741619478}}