{"mean":{"confidence_interval":{"confidence_level":0.95,"lower_bound":-0.0009546487927404502,"upper_bound":0.0025223199020652895},"point_estimate":0.0008738451698222516,"standard_error":0.0008867268684967279},"median":{"confidence_interval":{"confidence_level":0.95,"lower_bound":0.0005664115896200084,"upper_bound":0.0018264287599281115},"point_estimate":0.0010463586290967442,"standard_error":0.00033034584730273753}}