{"mean":{"confidence_interval":{"confidence_level":0.95,"lower_bound":0.1929953616264055,"upper_bound":0.1993579121120572},"point_estimate":0.19556264017507852,"standard_error":0.0016177143973508624},"median":{"confidence_interval":{"confidence_level":0.95,"lower_bound":0.1938049474933179,"upper_bound":0.1948715681176456},"point_estimate":0.19430886188916086,"standard_error":0.00026686254006535814}}