{"mean":{"confidence_interval":{"confidence_level":0.95,"lower_bound":-0.16436136982932553,"upper_bound":-0.16176891210292701},"point_estimate":-0.16312897574366392,"standard_error":0.000642357467531694},"median":{"confidence_interval":{"confidence_level":0.95,"lower_bound":-0.1637492401378008,"upper_bound":-0.16307493158890318},"point_estimate":-0.16344425211064195,"standard_error":0.00016448160209637405}}